standtype,site,percentcover_native,percentcover_nonnative,native_fern,native_forb,native_grass,native_shrub,nonnative_fern,nonnative_forb,nonnative_grass,nonnative_shrub
intact,INT1,0.87804878,0.268292683,0.024390244,0.048780488,0.536585366,0.707317073,0,0.024390244,0.243902439,0
intact,INT2,0.926829268,0.073170732,0,0.146341463,0.43902439,0.707317073,0,0,0.073170732,0
intact,INT3,0.951219512,0.12195122,0,0,0.731707317,0.951219512,0,0,0.12195122,0
matrix,ENH1,0.764227642,0.772357724,0,0.12195122,0.170731707,0.642276423,0,0.292682927,0.62601626,0
matrix,ENH2,0.406504065,0.869918699,0,0.032520325,0,0.390243902,0,0.06504065,0.845528455,0
degraded,DEG1,0.365853658,0.959349593,0,0.048780488,0,0.325203252,0,0.569105691,0.959349593,0
degraded,DEG2,0.235772358,0.975609756,0,0.024390244,0.016260163,0.219512195,0,0.463414634,0.951219512,0